node,centrality
amazonaffiliate,0.1422521936866886
investing,0.1280395231481635
hear,0.1198827660266344
philipshue,0.11328411846027983
echoplus,0.1122127660942128
fire7,0.11105104460705931
p2p,0.10577709156015666
chess,0.10524782151654373
humans,0.10411261591456655
whisfc18,0.1038349162413707
firetvcube,0.10158014016634254
ge,0.096594043839208
amazonappsummit,0.09509143467671323
london,0.08661255376480108
perfect,0.0833728456101377
ehealth,0.08324303550127363
rp,0.08303765534008142
winners,0.08260890186144773
nlu,0.0803236503390711
lingerie,0.07872609364447604
brand,0.07741598863096175
ios11,0.07562748475805357
asr,0.07546137228294451
voip,0.07467320829082116
unboxing,0.07180980783858487
mood,0.07095562605229937
in,0.07084070052534444
wallstreet,0.07060195293797396
webcam,0.06885604493849759
mvb,0.06615659413481322
jpmorgan,0.06576988850187203
outlet,0.06546920311853675
ioe,0.062388923633963395
productive,0.06161606689215697
bigboobs,0.06153099000405978
commerce,0.061039286603203034
techupdates,0.06081739009294151
crm,0.05902850054939239
livestream,0.05840201452769664
blowjob,0.05819580003989331
ass,0.05739934133418948
control,0.056456204701582705
tgif,0.05531732048325195
commercials,0.05495824756422869
appliances,0.05479175403531481
smarttv,0.05425647789976338
worldcup,0.053776478225164986
flogo,0.05361031548788996
fcc,0.05349053852627089
northkorea,0.05191416606062065
laptops,0.05172184313271178
sb52,0.051364506853695126
tap,0.05108122093105175
comment,0.050067361294413255
martech,0.049358383443944755
fmcg,0.048268083770188375
dataprotection,0.04810635628246151
mom,0.04797036980297208
dad,0.047314804550964554
80smixtape,0.04671309209157782
hue,0.046591201563742295
internetmarketing,0.046514122332087966
company,0.0462630463683012
amazonmusic,0.04532525213283128
branding,0.04502937325125645
archive,0.044506753153136604
game,0.044493788911571665
family,0.04413657397878682
abdsc,0.04374127581830002
sundaymorning,0.043425609524575554
plug,0.043243029341662235
today,0.04313292754949761
consumer,0.04282701958125081
dataprivacy,0.04210295187327521
lego,0.04184625477387188
nunes,0.04117762674531185
siliconvalley,0.041097433522114736
pm18,0.04106300788286383
stevejobs,0.041032916431652064
eastereggs,0.04014719084480582
sexy,0.0397668617208596
america,0.03962542213805391
cartoon,0.03958420229157254
television,0.039512288602186224
order,0.039191323002084145
streamingvideo,0.039143410728876796
currenttraffic,0.03901744985074898
infographic,0.03890927164783143
uxdesign,0.038134480052005884
kitchen,0.03782505147378424
conversationalcommerce,0.03739326849502123
datascientist,0.037141820408769934
tuesday,0.03697346682775711
klovechef,0.036311490292422643
iphone8,0.03629685036604878
recognition,0.03617320884837131
queen,0.03610949943378408
podcasting,0.03607668358969669
blessed,0.035530177325958257
sirifail,0.03532986559424554
instagram,0.035188191114270614
trump,0.034976949354643724
device,0.03496968161370539
change,0.03491122450028587
messages,0.034657029912314896
goodmorning,0.03450673702886853
eng,0.03439453962610464
fail,0.03438073797530886
alexaislaughing,0.03417249080432295
fridayfeeling,0.033828759366011395
alexaskill,0.03375655584157648
accessories,0.03372977275448608
freetraffic,0.03360466552241036
va,0.03354217335266155
lights,0.03327960577364019
market,0.03317425181524677
nodered,0.0326644569910833
sem,0.03240840236253537
phone,0.032361150100062616
voiceshopping,0.03214484775317234
techtips,0.03210060672073883
npr,0.03200020472265418
shortcuts,0.031987316171566985
alarm,0.031630008344726374
sophia,0.03150006972865579
streaming,0.03147961462199918
watson,0.031298245738410294
acer,0.0312687718308488
england,0.031156250904871743
clock,0.031091010319080303
cool,0.031057969117168484
iphone7,0.03092368905309698
googleranking,0.030741674559079057
dot,0.030619096165452428
japan,0.03034567827381449
syria,0.030101450113951527
np,0.030066636856590098
features,0.02979847542370484
macbookpro,0.029749565968101133
scotus,0.029594477046196277
retail,0.02955823573201634
new,0.029394890308759507
poll,0.029345728983473554
ruby,0.02902006548684288
alexadev,0.028905224406020665
backlinks,0.028652046373262925
applepay,0.02824927901883027
insurance,0.027954874827862325
threelions,0.02791948525430807
itcd,0.0278839312152007
bing,0.027865769015068872
awesome,0.02770471622150634
text,0.0276799080657838
smartthings,0.027549177388877372
yeelight,0.027430261394094314
human,0.027117274524173743
microsoft365,0.027025218804702763
rome,0.02679240924267299
googlecheck,0.026620339749483645
smartworld,0.026606397402308715
videos,0.026568201284240926
hands,0.02561417177843476
officebot,0.025610739364831707
autism,0.02536791331590822
employeeengagement,0.024826959641460946
dolphinattack,0.0245346664060921
internationalwomensday,0.02451664774527286
mondaymotivation,0.024515264728843897
bestbuy,0.02447996282437421
wrestling,0.024399706118601986
can,0.024389935302644668
busty,0.024292875394382102
consumers,0.02406686461932321
now,0.023814645264308425
tuneinradio,0.02375754484017349
voiceassistants,0.023617746644371898
liberal,0.023514078408023328
water,0.02327087448294674
movies,0.02317188781202052
ux,0.02316325574145546
beta,0.023036215637256132
mixedreality,0.02289161136224347
office365,0.02270699194699441
grammys,0.022681716990186278
firstworldproblems,0.022506441981174383
appstore,0.022288606000757404
case,0.02226080400253481
smm,0.022240336032633402
promocode,0.022138612011244615
command,0.022092625988429385
llrc,0.021940331657058786
dating,0.02187246937035086
wwdc18,0.021783608404796324
xiaomi,0.021761875123563944
rock,0.021699241216666096
firesticktv,0.021503575506286152
onlineshopping,0.02118402238414053
autismmom,0.02114962515521894
cube,0.021118836839181167
superbowlsunday,0.02108465395670937
sblii,0.021043120901920415
thedare,0.020823621018767783
alexaforbusiness,0.020664449986599043
digitaltransformation,0.02064695283822165
accents,0.020621814347100604
voiceactivation,0.02058028541481549
3dprinter,0.02052299619425918
uk,0.020501883704020122
sms,0.02049722139103884
glasses,0.020479021451534754
latest,0.020428125675928027
e3,0.020381347101732016
finserv,0.020210830083698325
healthtech,0.02009529742955732
siriusxm,0.02004475587709896
valentinesday,0.0199919984134511
clinicaltrials,0.019968801715410454
entertainment,0.019962053397730693
iosapp,0.019863241123144217
checkrank,0.01973914224624547
engineoptimization,0.019708619317294
bigbrother,0.019623879273299578
translator,0.01951639744715592
hub,0.019306650888917653
gadgetry,0.019284319587137
language,0.019220529862821762
christian,0.0191525897618258
bigshaq,0.01893902409646721
comedy,0.01892170281240747
cynai,0.01889434714317878
outlook,0.01878502460485091
cats,0.01858774335766626
altleft,0.018497224760469548
colors,0.018343631401115935
vui,0.018324739848607646
stocks,0.018284041813045347
safari,0.018260687559487423
omg,0.018247813407662863
smartspeakers,0.018224153975147178
lexus,0.018157417037575445
e32018,0.018099430229984382
applehomepod,0.018075224033511413
eurovision,0.01804929432390752
conspiracy,0.017978148741944828
offer,0.017858235889643283
trend,0.01781250795999904
roxy,0.01777236027936093
facts,0.017770590079000562
mother,0.01776262318580549
carplay,0.017660120215924443
essential,0.017657992898645756
teensofinsta,0.017560622979907146
hugetits,0.01753589576325784
cellphones,0.017371274483929673
sexualharassment,0.017370314308287175
chung,0.017297848811969746
report,0.017266170118788914
blogpost,0.017241252723552394
connected,0.01721744928559795
ces2017,0.01721182264803293
johnson,0.01713651902263362
notifications,0.01713415371832447
ibmwatson,0.017113979430194756
hindi,0.016954131397668288
tricks,0.01692690123441441
cellphone,0.01686062895022652
dsntech,0.016859970418514152
csharp,0.016795256071742582
useless,0.016748165236056125
xplan,0.016744385238121606
netflix,0.016711774384428293
spanish,0.01661118104130545
hardcore,0.016574561815796456
prime,0.01656113628382189
gen,0.016556168900784724
cloudcam,0.01653692991668447
autocorrect,0.016493629732209046
moremusicmarathon,0.01646605806255076
digitalmarketing,0.01632460395566486
ihome,0.016258829124664927
techgadgetsguru,0.016202729700101757
scottish,0.016151643567048127
bethesda,0.016147515213238022
freeseo,0.01598100463514471
dotnet,0.01594324599763454
lynx,0.01588536507449959
teampixel,0.01584998523630918
french,0.015830631690577305
have,0.015782199274824184
laptop,0.015774129893776422
iphones,0.01577072885738154
storyline,0.01576676207097604
communication,0.015764114349578338
echobuttons,0.01575546529300472
chance,0.015726845268816302
moethennessyusa,0.01562169877327137
soundbar,0.015617323220918782
whoa,0.015513642551575493
fight,0.015507489274785935
askgoogle,0.015505633657114442
organicseo,0.015472364638217068
children,0.015433833860632754
uniteblue,0.015338067693562734
indiedev,0.01531206622341212
big,0.015305559159759227
applesiri,0.015304293316205518
speakers,0.015260211256095694
gdpr,0.0150982187342121
connectedcar,0.015066536871885002
momlife,0.015063827599012938
hackathon,0.015051752029274711
payment,0.015048949189886213
spot,0.015006487288864934
imac,0.014990089774734998
france,0.014922411863856977
brain,0.014915285254710755
amazonstrike,0.014908069181596808
ucaas,0.01488944775820349
skyrimveryspecialedition,0.01488234169832604
vuzix,0.014881550870322037
analytics,0.014806917791131094
databreach,0.014790488875918054
cognitive,0.014750263869542573
pussy,0.014741084124957123
ia,0.01472996247422971
parenting,0.01471978827903492
onair,0.01471887428664903
bluetooth,0.014686951723495979
googleseo,0.014653348424240684
porn,0.014648558368952031
beauty,0.01463829525594637
problems,0.014622793206553252
garyvee365,0.014543182641715072
ec18,0.014436219224210652
voiceapps,0.01438546788894278
vpa,0.014334190733782332
portable,0.014327422976570083
woman,0.014314945195282825
autismawareness,0.014296907246589219
alexadevs,0.014270465037908157
live,0.014204756820773034
surfacepro,0.014165312901172327
wireless,0.014142570781344713
oscars,0.014049022763862076
keywordranking,0.014015743134719255
reviews,0.013954129438169515
echolook,0.013912254414318207
moto,0.013845715917234885
immigration,0.013737061345770758
homekit,0.01363215791262741
latingirl,0.01354720226578344
heysiri,0.013503604522745287
qanon,0.013454270250523653
ces,0.013450270079857659
xmas,0.01335577970124097
platform,0.013346244099094292
howto,0.01328418383843272
drone,0.013266450385499503
reinvent2017,0.013228472886476555
blogger,0.013227939116683787
comics,0.013178145235114408
awsreinvent2017,0.013109225280071546
smartphone,0.013080302248413207
sdlive,0.01304572042032892
qualcomm,0.013017723934144155
voicecommerce,0.013008065062896647
monday,0.012879887975937926
haha,0.012859619042670778
intel,0.012776386743233253
fakenews,0.012634782532032653
affordableseo,0.012522761260484476
superbowlads,0.012510224001073711
candy,0.01245862347192855
work,0.012267093731502405
digital,0.012182907765080058
hotels,0.012130799153749807
sirishortcuts,0.01206903704933997
cryptocurrency,0.011937426036466916
iss,0.011921151795049677
breaking,0.011897057814166018
babe,0.01180422256521762
get,0.011775951043406497
motiv,0.011725246249785763
english,0.011693720869220124
philadelphiaeagles,0.011687890106937524
games,0.011597177857215198
look,0.011528957404471019
voicestrategy,0.01150155684071101
thermostat,0.011485694530685257
robots,0.01146677008166999
seo,0.011456319204228094
diy,0.01131760757107966
patent,0.011302585963905584
rankchecker,0.01129677710910064
twitter,0.011290245920194978
phones,0.011130499595041267
skills,0.01108530660526791
safety,0.01106975192108325
brexit,0.011048844411006998
maps,0.010901540838309656
niajax,0.010890600724280976
build2018,0.010773374761104954
jeffbezos,0.010742938482985518
agents,0.01069145407358947
socialcare,0.010644868233392231
jazz,0.010626303755813506
disabilities,0.010620682561541367
drones,0.010587260563810577
starwars,0.010569534144252282
blacklivesmatter,0.010563451773086137
music,0.010543836098139775
dadlife,0.010490124952755895
virtual,0.01032502345620985
samsung,0.010324526839306892
sale,0.010311171468887385
voiceactivated,0.010294102075502822
handmade,0.010206027169978671
amjoy,0.01014873732268047
food,0.010124897614363738
gets,0.010122111259003953
funnyvideos,0.01009035463948378
amira,0.010015371528335672
newtech,0.009949975450949654
sm,0.009880754007034047
cheapseo,0.009859363114534968
australia,0.009832200895189411
mobileseo,0.009830712585158344
superbowl2018,0.009813713467479104
red,0.009763924154605714
googlerating,0.009754139454608467
millennials,0.009751196983031635
present,0.009750081399009182
salesforce,0.009723692985344938
finance,0.009718696250698418
airplay2,0.0096619015113661
windowsphone,0.009611945833562667
digitalworkplace,0.009564240389101569
macosmojave,0.009560429510053417
lambda,0.00954689183879813
radio,0.009503761275400003
conversationalui,0.009494722202179385
responses,0.009452577696002
ev,0.00942902241828111
parody,0.009396687109847717
hardware,0.009382429348991894
chicago,0.009376505956304784
googlerank,0.009365112318427944
imacpro,0.009365108158418773
googlelisting,0.0093535277257565
iphonex,0.00932051630661927
blue,0.009303077148065426
firetablet,0.009302677364489437
bot,0.009259925972663533
wordpress,0.00925671972432689
microsoftteams,0.009162005765310429
space,0.009161636152156288
brands,0.009156439838209279
touchswitch,0.009142907145852724
mvava,0.009142907145852723
smargrid,0.009096627668509273
date,0.009096455766033625
diabetes,0.00905826505726162
laundry,0.009050073093182958
igreport,0.009047765083138273
php,0.008952068033601617
bigdata,0.008931532794106625
education,0.008913043399321531
hackers,0.008761625154188045
earrings,0.008728267151934385
you,0.008697750039272272
display,0.008683348782068374
oo,0.008680091423344274
alexadevdays,0.008669309750433458
optimization,0.008652793955472679
hvac,0.008631156789786472
cambridge,0.00860574260889677
superbowlad,0.00850238717479431
hot,0.008450065844274653
olympics,0.00844700034425123
bots,0.008443687176454518
meetings,0.008416511387122665
okaygoogle,0.008346835789124034
code,0.008340600571380998
payments,0.008324379857335936
government,0.008098725009263308
googlehomemini,0.00800349580983504
thursdaythoughts,0.007985842789020448
checktraffic,0.007971225807513384
amazongiveaway,0.007942893017136549
threesome,0.007932665142578264
nsa,0.007893946899031508
macos,0.007893862876550993
moet,0.0078593964516294
routines,0.007846256143646027
amanda,0.007819673497005877
gifts,0.007812917586951195
catholic,0.007648291070412317
gaming,0.007616824580454837
alexaskillskit,0.007607830754626396
flaskask,0.007585346604596406
cognition,0.00750118126576676
gift,0.007486785449751516
startup,0.007434829303049286
dynamics365,0.007428614949200796
blind,0.007417692980666804
applemusic,0.007298511487553958
alexalaugh,0.0072909059393045025
germany,0.00727861301343042
googlevoice,0.007273961814352531
working,0.007221311254295622
google,0.007039607687992999
girl,0.0070322872337356315
purchase,0.007009957472894
neuralnetwork,0.006990985462858926
life,0.006970014721596878
amazonprime,0.006881012034935416
socialmedia,0.006806122530823458
intelligence,0.006787783436385242
homepods,0.006734535964246649
ces18,0.006730967546436788
ebay,0.006669822323144197
appleinc,0.006661297512216595
cyber,0.006644631619860675
smarthouseaz,0.006624937141169644
halo,0.006606281491290359
bestseo,0.006519581140162081
everything,0.006510587120453344
arlo,0.0064720258439355605
voiceassist,0.006448705357717323
developing,0.006442542848699966
staging,0.006430475119116555
hr,0.006391911034235676
destiny,0.006356702606821408
adulting,0.006324444242064027
amazonprimeday,0.006290223797751279
microsoftlauncher,0.006287089304737931
amazondot,0.006277421735008235
mobile,0.0062684793261761915
art,0.006222641252079902
cinematography,0.006195024414956419
retailers,0.006179379103891244
lovers,0.006168787265298371
omgtv,0.006168787265298368
amazonalexa,0.006161827124557712
ranking,0.006134973910450512
weird,0.006120296161856233
gameofthrones,0.006113987659720714
teams,0.006091343541505625
truth,0.006088628623476905
vux,0.006086815180169609
goodseo,0.00605054987739204
ashes,0.006036526489320537
3d,0.006017683672234214
film,0.005983348993118259
needtoknow,0.005935226313286828
voicesummitai,0.0059337487689248595
smarthomes,0.005895322373685665
her,0.005851791092488289
best,0.005832172185059323
sandiego,0.0058291157590512985
breakingnews,0.005791514527057762
laugh,0.0057810103031114245
talkradio,0.005776440854704221
business,0.005768327445568961
integration,0.005762764659008813
newmusic,0.005718539153134805
aogdevs,0.005694137339905463
smartdevices,0.0056675384214586256
lvmonorail,0.005659799137536116
digitaldisruption,0.005626689701519012
patriots,0.005615779894915549
summary,0.005607099152191543
tunesday,0.0055896950125889225
a11y,0.005579615807633535
contest,0.005530298631552707
virtualreality,0.005522950444622503
lastgadget,0.005519477132662663
us,0.005495926464104696
raspberrypi,0.0054888175703063065
news,0.005482558523614931
pikachat,0.005445609232823522
wearable,0.005419820311942407
voiceover,0.005412013692291091
snow,0.005388555359915541
alexalaughing,0.005354792794707643
trio,0.005305532202072879
monitor,0.0052655739003010845
app,0.005245174840611403
cardib,0.005236412777459016
blackhistory,0.005150616069376078
wearsalexa,0.00514913130225958
hal9000,0.005105082708985462
nude,0.005098116515690591
technology,0.005072136741924354
facetime,0.005066836181069748
solo,0.005048980003717283
savage,0.00499844547224472
techontoast,0.004994804522532383
lmao,0.004952356935448849
lennar,0.004939120659839012
heating,0.004900639199648572
opinion,0.0048890194810020104
deepmusic,0.004843460135095927
voice18,0.004827508571784753
2001aspaceodyssey,0.004811693382918491
ios12,0.004790183991470761
voicetech,0.004774184529010299
offers,0.0047485903349699975
nest,0.004742609325306495
spying,0.004722675074867303
gadgets,0.00471039257528277
save,0.004705591427304224
alexafrancesofficial,0.004701956154766864
shp,0.0046842273854751735
it,0.00467237892146265
windows10,0.0046534652012484795
ki,0.004617266937887321
aliens,0.0045688342370633715
enterprise,0.00456161843279297
chromebook,0.004557800003596638
win,0.004554176821688592
maga,0.0045440940509648585
hipaa,0.0045426452740694
bluescreenofdeath,0.004490816102905071
health,0.004459207951772668
backpack,0.004437956580114111
isil,0.004420045093872425
holidays,0.004389320286821115
api,0.004347250989719784
deeplearning,0.004323567846447706
theverge,0.004294999345867832
streamingmediaplayer,0.004277035125902181
boobsglobalgroup,0.004240754992122962
reps,0.004234099194680805
w10,0.004209217902904276
phonegap,0.004192621993444148
bargain,0.0041662783739738855
ads,0.004155847637580158
voicexp,0.004151129177558235
echoshow,0.004139573682010123
snrtg,0.00407116810375317
fortnite,0.004031080088962533
redcinema,0.0040117475706363355
voice,0.003992600984948523
freebiefriday,0.003982001188431844
ecommerce,0.0039656757416461205
applehomekit,0.003926187113014744
kodi,0.0038998237865498176
smartliving,0.003891531721965984
techgadgets,0.003880730340990326
repost,0.003842410220708421
tesla,0.0038228360350590243
2ndcityapp,0.0037829237208420177
amazontap,0.0037815819784325242
meditation,0.003764528075912151
invasionofprivacy,0.0037458186463828723
womenintech,0.0037262451712616025
google_assistant,0.0037157787015793128
experience,0.0036904236977136936
bluebracelet,0.003649591066087102
workflow,0.0036256321268696707
gear,0.0036148141429259025
sjw,0.0036112358531056954
gordonramsay,0.0035909661330297
virtualassistant,0.0035877962458886496
onairnow,0.003574413618600414
sunday,0.0035581333835147497
build16215,0.0035535663025011584
future,0.0034868944885593067
selfie,0.0034777160400351857
thewebconf,0.0034632874279182982
tibo,0.0034562209221119205
hashtagbio,0.0034452202368038605
hometech,0.003427994033273391
realestate,0.0033916517687189985
artificial,0.0033517914180252613
cpg,0.0033073304228839044
winner,0.0033024778199414193
funny,0.0032627401346400015
alien,0.0032600835440085513
mac,0.003235414591777088
yogionzee,0.003234908289429073
mate,0.0032195647269414244
voicefirst,0.003197102087810871
bank,0.003158023004314633
satire,0.0031479221081186074
founder,0.0031411366617902186
allo,0.003122531463917509
filehistory,0.0031222134405958927
sap,0.0031080432404783794
windows8,0.0031034210784412946
7delaan,0.003101255876016267
android,0.0030991192978701244
homebots,0.003095697236870968
iot,0.003063572831399455
happybday,0.0030473693020372783
bigtits,0.003046439503959173
firetvstick,0.003041066674547295
phishing,0.0030311320884868005
listening,0.003022520270775093
sweepstakes,0.0030200689055501235
geek,0.0029851451788359975
surface,0.0029776306411704936
googleplay,0.0029516836194017097
accent,0.0028949181403503943
digitalassistants,0.0028793353178217587
scotland,0.002878078912288107
hcm,0.002874640788424461
guccigang,0.0028671192807785744
ideacafechat,0.002865213236444129
employeeexperience,0.0028164060009756527
birthday,0.002805327383491351
iosdev,0.0027830777872216465
smartassistant,0.002777918412456228
economy,0.0027629385345084995
how,0.002733258153913544
tourism,0.0026930005586097453
signlanguage,0.0026884089204570784
gamergirl,0.0026766507299983825
yogi,0.0026631974655629232
letsconference,0.002652825992457067
superbowlcommercial,0.002639409800367434
guide,0.0026068423247950358
cars,0.0026016830976414596
optimize,0.0025838884415621682
generation,0.002562109583392043
twitch,0.0025593407070615506
dual,0.002537151521333985
earth,0.0025039469667466553
office,0.0024675519415547553
disruption,0.0024646052076792227
lifx,0.0024644187850861466
ad,0.0024628217999815467
vulnerability,0.002455397073657613
sirikit,0.002451752979950825
nyc,0.0024497207450741246
winning,0.0023777598727180017
msbuild,0.0023657974551118664
artificialintelligence,0.002357114879867122
donaldtrump,0.0023480296809520822
tablet,0.002327594053451578
geekwire,0.002313340159957551
voicebot,0.0023024551716003564
acquisition,0.002281811654068665
bangalore,0.002274262977074219
adult,0.002270673487715812
swiftfest,0.0022457159564607666
androidnews,0.002242436689097852
retweet,0.0021543071369841396
infosec,0.002146675450575257
bliss,0.0021390975405180023
huawei,0.0021216749995903563
saturdaymorning,0.002096498073423627
100daysofcode,0.0020577426833859307
paranoia,0.002043974397972071
eyes,0.0020414995763844437
bestpractices,0.0020387921619263757
pikachu,0.002033712188271389
interiordesigners,0.0020322852183755806
stupidquestionsforalexa,0.001964443943538261
arri,0.001961328079048935
mit,0.0019546314094594825
icymi,0.0019412645031440746
estimation,0.0019154887954059392
voicecon,0.0019105948838834574
itscominghome,0.0018997033931055798
mindblown,0.0018908290790736325
programming,0.0018746893758643034
scientist,0.0018582368404266236
leica,0.0018376052456760808
uav,0.0018233059691176196
british,0.0017943343820433606
pharmacy,0.0017926210760740788
dakotajohnson,0.0017783651238913601
hey,0.0017740344468093188
tradeshow,0.0017737439843526063
netneutrality,0.0017714203203810933
learningdisabilities,0.0017603813933757299
smartcity,0.0017576850955574352
hopehicks,0.0017547897272219822
ericdavis,0.001754789727221982
sciencefiction,0.0017287823435369635
comparison,0.001717180547089494
singapore,0.0017071267186896297
daily,0.0017055111545475742
civictech,0.0017004075093550739
comicstrip,0.0016982519043696044
cnn,0.0016875979661399548
nowplaying,0.0016839997410579316
banking,0.001666653840442965
insomnia,0.0016655513253957816
musicvideos,0.0016579701111011345
digitalcinema,0.0016579701111011345
siemens,0.001652703459340695
avtweeps,0.0016427431401006248
maurizioghiotti,0.0016368974533564758
smartplug,0.00161562837151177
competition,0.0016138455563241786
wakeupchallenge,0.0015900100619396101
amazonechos,0.0015835520108910723
iphone,0.0015807025530079606
heyalexa,0.0015765860836484938
depression,0.0015696677815001923
healthyliving,0.0015666622616435377
bmw,0.0015599299871816464
chips,0.0015541007285414803
fitbit,0.0015242120718469995
abhisheksingh,0.0015099027325291238
traffic,0.0014991635192843785
orclapex,0.0014804678616112676
voycefirst,0.0014796584759810896
tvos,0.0014676664727353908
hungry,0.0014310941325828047
dns,0.0014194424092603107
devices,0.0014101680647207204
googleposition,0.001403980055038263
drupal,0.0013995061730135358
alexis,0.0013992528385369295
ghost,0.0013778498042838522
vault,0.0013742095670917903
electronics,0.0013683198660110615
rockyhorror,0.0013676351572968319
voicemarketing,0.001357842122280252
mcafee,0.0013512223915897116
smartcities,0.0013433111187509963
monica,0.001339159317071462
justsaying,0.0013029971199974156
pogdogs,0.0013022245635715532
accidentallyfamous,0.0012937728141823926
freetools,0.0012738588588933181
retreat,0.0012719211012763396
drinking,0.001269046883407781
writing,0.0012642748109306624
amazon_echo,0.0012630328467985459
traveltech,0.0012480753849807317
vegas,0.0012389628159898535
pics,0.0012134395203956033
manie,0.0012041086729836393
china,0.0011995669784424605
omronpartner,0.0011973429969333949
spyware,0.0011757526146738654
reading,0.0011718809617201225
いいお尻の日,0.0011714033761210407
cnet,0.001169695774276518
arduino,0.0011643246105982276
israel,0.0011610499068328334
peptalksforsidehustlers,0.0011566992737329464
metalpay,0.0011324281095310689
funwithalexa,0.0011198163350236718
realtor,0.0011164372533235736
listen,0.0011141199000875442
soundhound,0.0011119101364340687
prizes,0.0011080628628619528
grace,0.0011013364862287852
history,0.0010925439042005617
canyouhearmenow,0.0010753871336795697
feminism,0.0010680376720629174
patchtuesday,0.0010661295994543474
advertising,0.0010659462456067462
smartspeaker,0.0010604432061790678
roku,0.0010603584775041336
customerservice,0.0010567298994276044
zrock,0.0010500509308067642
blog,0.0010144124703347376
ic,0.0010106582335536179
accidentlyfamous,0.0010078768918077962
superbowllii,0.0010046860975444379
pruretirement,0.0009992093506838457
primemusic,0.0009913433535061625
mindsphere,0.0009913168936750774
tuesdaythoughts,0.000990900752917146
alexabliss,0.0009843446395184552
feedly,0.0009714811347485299
cx,0.0009707060473595801
angerissues,0.0009530467615378427
airpods,0.0009484410039613768
money,0.0009301726550895436
lesbian,0.000926518011602438
parrots,0.0009160038417030478
eagles,0.0008988144144037904
alexadevdayspune,0.0008847766163818916
grasmere,0.0008773301513639964
accidentalyfamous,0.0008728575866658318
mqtt,0.0008705876705154834
futureofwork,0.0008696942611154505
siriously,0.0008594744561361593
chrome,0.0008434120393315435
connectedhome,0.000827894069534611
heygoogoo,0.0008092446059749323
home,0.0008022171427666779
sscollective,0.0008019675827195807
kimludcom,0.000801967582719574
croatia,0.0007629448643488742
aidevdays,0.0007509182822771949
robinhood,0.0007480936712587392
apple,0.0007282798834186091
prescientinfo,0.0007047193419914715
healthyrecipes,0.0006980228832119386
alexaonesp32,0.0006946065383873658
savethemall,0.0006888455151755155
chemtrail,0.0006863873589320477
rankbio,0.0006805997576492187
information,0.0006674973269655376
cosplay,0.0006665689749503545
shopping,0.000649718312245992
facebook,0.0006416869928761591
sitecorecommerce,0.0006267727480738576
free,0.0006212509923606165
healthit,0.0006145638190885541
vo,0.0006103169574236776
technews,0.0006100335514712097
datascience,0.0006087224301882287
mind,0.0006027398345319435
rickross,0.0005943661838729465
happynewyear,0.0005911203080178013
conference,0.0005860741157276483
npjr,0.0005827080325936701
omnichannel,0.0005694737980086512
fantasy,0.0005688487283352893
kenya,0.0005682721976396687
googlehome,0.0005578392658357266
popular,0.0005558467395800129
mci,0.0005477146552232186
remeapp,0.0005453343564162184
anna,0.0005382838343070463
watch,0.0005263267636157319
amazon,0.000516007736616058
chris,0.0005145425681240422
cloudcomputing,0.0005140641504022348
googlemini,0.0005070543657173519
wine,0.0005052871090000005
energetic,0.0005026272138705313
unseen,0.0005026272138705296
kisw,0.0005026272138705227
mtndewice,0.0005024542663049039
hack,0.0005017921524952798
tutorial,0.0004978722167857687
musically,0.0004920095366222726
itunes,0.0004908814626793203
virtualassistants,0.0004864526154308311
parties,0.0004841393538715642
podcast,0.00048221794768537387
highered,0.00046658336614766976
ecobee4,0.00046636819476154857
icecold,0.00046552845850591904
activematrix,0.0004586316004561184
superbowlcommercials,0.00044538937827314244
gotigers,0.0004405544467688651
artiqox,0.0004405544467688629
cybermondaydeals,0.0004385455583603523
domainauthority,0.0004324102687817424
susancbennett,0.00041618074162547
googlepagerank,0.00041040642975272086
webtraffic,0.0003840411937524021
talkingfilms,0.00037654811009296636
cumbria,0.0003705602668036493
joy,0.00036392342326121643
joke,0.00035851997301715905
ai,0.00035611706081867153
fukreyreturns,0.0003410779574634488
lakedistrict,0.0003308335004939498
altadena,0.0003164089125655167
lilpump,0.00031579152843879836
bills,0.00031175174967934283
amazonecho,0.0003029115358192665
remote,0.00029557584381141025
smart,0.0002852402695617399
voiceassistant,0.0002531506317923858
androiddev,0.0002466702425167477
commercial,0.0002340042557441367
strain,0.00021831603175560477
bpm,0.00020077641023874405
motivationalquotes,0.00019904569442973338
inspirational,0.00019904569442973243
appetite,0.00019887661477042772
instock,0.00019226337836220845
mantras,0.00017823636915197339
chanting,0.00017823636915197287
ghandi,0.00017823636915197282
cia,0.0001618916964734756
newyear2018,0.00015746207846459954
livevideo,0.0001545539237361563
website,0.00014965279556880477
cesblackout,0.0001432345917408205
question,0.00013805878057215133
jenlisa,0.00013296381999870288
blackpinkhouse,0.0001329638199987026
deezer,0.00013080483222482436
holiday,0.00013005105725184338
speaking,0.00012655390460553507
laughter,0.0001236889669179002
loisa,0.00011976124406184064
elisse,0.00011976124406184046
llsangpagkabuhay,0.00011976124406184045
tgsaminin,0.00011976124406184038
conserve,0.00011865082823500977
vagov,9.115386323010067e-05
musictaughtme,9.115386323010064e-05
visualartsgmu,9.115386323010061e-05
vcommerce,8.970632320812401e-05
decoration,8.048321392864064e-05
interior,8.048321392864064e-05
decoracion,8.048321392864046e-05
smarthacks,7.022434697330855e-05
nycacc,5.942328279145567e-05
shutdown,5.2955237321387745e-05
travelling,4.184080363008267e-05
reporting,2.8847228350515614e-05
dorkypickuplines,2.850242938377315e-05
humanvoice,2.8409035341870755e-05
thrivinglaunch,2.8409035341870122e-05
accessibility,2.375790504803888e-05
designthinking,1.98088196392679e-05
engineering,1.3796775695470846e-05
websummit,1.3146894410765864e-05
summit,9.090845339921841e-06
echo_dot,8.202827533748085e-06
iheart,-1.2120970362074715e-05
keynote,-1.2902181717454572e-05
ootd,-1.312153582622063e-05
esp32,-2.6815116138012235e-05
popuptechtalks,-2.779080730620691e-05
deco,-3.372955121151409e-05
speech,-3.5380033602869954e-05
amzn,-4.0584749262036844e-05
bsm,-4.803577502737427e-05
inspiration,-5.011610753190685e-05
mugabe,-5.2343310923564385e-05
globalnewsmorning,-5.234331092356453e-05
deadpool2,-6.428038152004039e-05
nlg,-6.509530563027346e-05
naturallanguagegeneration,-6.509530563027384e-05
daughterlovemother,-6.651271645191498e-05
masterchief,-7.223357944559858e-05
yogoogle,-7.242674839234763e-05
weday,-7.601698201331097e-05
ml,-8.361443934909755e-05
pixelart,-9.646503135184364e-05
oasis,-0.00010145303428404382
available,-0.0001055599522122369
adoptme,-0.0001338611291915149
rescuedogs,-0.00013386112919151516
firestick,-0.00013680090694054626
atlanta,-0.00014410594204279629
googleassist,-0.00015117314364714314
km,-0.00015919959823071012
heygoogle,-0.00017297402161717374
wwtbam,-0.00017452757650690613
hoteltransylvania3,-0.0001801732242477688
euphoric,-0.00018017322424778413
lake,-0.0001860381269376187
voicerecognition,-0.00018999611698914746
increasealexa,-0.00019224423608165875
ivr,-0.00019276667559959846
genesis,-0.00020304174171044184
whowantstobeamillionaire,-0.0002048182430274505
echo,-0.00021039956403063093
kp,-0.00021754401895567597
beautifulpakistan,-0.00021754401895567792
firstaid,-0.00022263628215717454
mayoclinicminute,-0.00022263628215717465
voiceactor,-0.00023523086576090045
ibm,-0.00023940155382416725
searchengine,-0.00024171013190704983
netapp,-0.0002468711617826663
voiceassistance,-0.0002510349931079097
kicchafc,-0.0002522811640509008
paye,-0.00025718680303158585
yugalageethe,-0.0002575808793684602
oneplus6t,-0.00025849875599589226
stock,-0.0002603425344893757
alzheimers,-0.00028194447325279395
fiverrgig,-0.0002828032476445217
serp,-0.0002866410584632793
dementia,-0.0003011077990855058
veteranmentalhealth,-0.00030431875845110464
uplifted,-0.000304318758451106
amazoncare,-0.00030431875845110843
yoga,-0.00030642116658328615
womenshistorymonth,-0.00031548251295112083
workshop,-0.00032178019179467153
siri,-0.00032705296862633234
polly,-0.0003449264792349979
fashiontech,-0.0003643226267510384
dizzy,-0.00036639152555278227
ces2018,-0.0003795780661353995
mini,-0.0003826436657163851
cortona,-0.00039146957965071163
sridevi,-0.0003926942908677415
nomore,-0.00039269429086774153
vanywhere,-0.00040335712926585076
skillers,-0.000403357129265851
petrescue,-0.0004033571292658516
urgent,-0.0004033571292658517
technologynews,-0.0004078844084142191
relaxed,-0.00042048981759325305
focused,-0.0004284642926544418
oneplus6,-0.0004287309253266808
historicalfantasy,-0.00043182367500189104
prize,-0.0004481086873938779
alexarank,-0.000449125008742285
hacking,-0.0004494177706286363
technologies,-0.000456847453943052
pacemaker,-0.0004682022113225927
alexaranking,-0.0004957387110984644
tpain,-0.0004971356683882178
kodakblack,-0.0004971356683882184
floridaboy,-0.0004971356683882184
fb,-0.0005054871201790219
csharpcon18,-0.000507424289948348
soundbot,-0.0005220480372344186
seotools,-0.0005229599985671682
appdev,-0.0005309621714639539
amazondeals,-0.0005349289531303548
vaporwave,-0.0005403083150540774
macbook,-0.0005461207174346913
rangersfc,-0.0005526098268577344
ambisonics,-0.0005745965416197154
notsureif,-0.0005916676912217848
attempt,-0.0005916676912217886
rewriting,-0.0005916676912217894
flashlight,-0.0006197868448969854
alexa,-0.0006207276710166366
a8,-0.0006311975351890056
infowars,-0.0006327334003737021
birthdays,-0.0006547450838345448
wellness,-0.0006692404045201407
meeting,-0.000671089915872898
jacobite,-0.0006717647128021335
nausea,-0.0006767553610610888
nfl,-0.0006939461780915034
slavery,-0.000699411841891125
roman,-0.0007032885669419598
camiq,-0.0007087864679180569
glencoe,-0.0007094425147609195
directorscut,-0.0007094425147609195
glenetive,-0.0007094425147609198
glennevis,-0.0007094425147609218
lol,-0.00072919977263693
singularity,-0.0007335760097551275
fatigue,-0.0007388281281627757
spend,-0.0007543600819727107
cat,-0.0007638668133283681
walkingleader,-0.0007693081014732092
goddess,-0.0007848442365904829
knowledgemanagement,-0.0007879998813390989
detroitbecomehuman,-0.0007992604759283938
whatismyip,-0.0008029380721256629
browserinfo,-0.0008029380721257042
ispspeed,-0.0008029380721257306
beer,-0.0008036454167710617
esp8266,-0.0008352938564987456
pressplay,-0.0008364222484326011
knorox,-0.0008364222484326013
tholukuthiheyy,-0.0008364222484326013
blacktwitter,-0.0008427117285984925
anxiety,-0.0008617542381312557
digitalbranding,-0.000862973662366062
headaches,-0.000862973662366084
mentalhealth,-0.0008736820438396121
boston,-0.0008757084372462643
thexfiles,-0.0008757693185610231
lighting,-0.000876764729839696
pain,-0.0008812413094935326
myname,-0.0008903094105756317
seyong,-0.0008999286155352369
smartest,-0.0009153443319398473
pressure,-0.0009250464294677548
spasms,-0.000925046429467756
doctor,-0.0009271796840026481
cooking,-0.0009328933013953444
creepy,-0.0009341903417678039
sleepy,-0.0009356606964280822
securityaffairs,-0.0009419608451947555
alexainternet,-0.0009688571406219056
realtors,-0.0009692365212049628
kids,-0.0009751584805325151
magicalmonday,-0.0009989170276211658
potato,-0.0010019807843170457
motog,-0.0010083987096627567
axon,-0.0010083987096628343
banks,-0.0010133457365332779
wesite,-0.001022114565656991
networktools,-0.0010288336587872507
dnd,-0.001046104681518837
tbt,-0.0010489322182975801
inflammation,-0.0010491919636710864
nocost,-0.0010761175782623216
siriouslysusan,-0.0010767554836827746
microsoft,-0.0010788285048582038
developers,-0.001111281157841065
cybersecurity,-0.0011214221031252253
aj,-0.0011231925796885102
aexa,-0.0011414057797997782
fbi,-0.0011472839083877199
africangrey,-0.001168031644839214
seizures,-0.0011733374978744268
travel,-0.0011736702410973907
awsreinvent,-0.001175641936666897
chemtrails,-0.0011769853630390252
ford,-0.001181538283843283
shazam,-0.0011881456332509931
alexaskills,-0.0011928459125960843
selfdrivingcars,-0.0011969189476403244
holedofficial,-0.0012179973820976248
southpark,-0.0012218818865734394
anthonyhopkins,-0.0012221360991049482
entrepreneur,-0.0012268742043662097
leadership,-0.001229591854005117
researchers,-0.0012327847046361084
embassygroup,-0.0012354102649760595
trendy,-0.0012492114645570745
iotforum,-0.001263891939860254
bible,-0.001268085518894486
genz,-0.0012716466354248462
flashbriefing,-0.0012817811125594917
tucson,-0.001292347040430991
skillblueprints,-0.0013055191369716664
parrot,-0.0013387007105348553
tags,-0.0013663143716091753
worldcup2018,-0.0013774679739622412
aws,-0.0013810592722795156
allergies,-0.0013827256959985182
fever,-0.0013827256959985184
pollen,-0.0013827256959985197
hay,-0.0013899250779667918
applewatch,-0.0013981213817587464
humidifier,-0.0013984035312056015
tc,-0.0014065547217847597
fitness,-0.0014461225611867843
gordonramsey,-0.001447264162397541
speaker,-0.0014491751683201352
makeupartist,-0.001475722998431599
moz,-0.0014800926516520551
deepmind,-0.0014831073097713002
superbowllll,-0.0014880267131899953
reminders,-0.0015143171769673874
customers,-0.0015389794936816856
weather,-0.0015782662369822824
adt,-0.0015791851243413804
lalate,-0.0015799562067286992
mobileapps,-0.001590806354708853
healthcare,-0.0015985729441638941
avfc,-0.001607846867586021
gamer,-0.001634307751112257
event,-0.0016439969481840608
ios,-0.0016461366148496034
deploy,-0.0016464617817457353
lifestyle,-0.001669051459764356
edtech,-0.0016802627598349318
keywords,-0.0017137860168182793
creditcard,-0.0017181962737634934
cam,-0.001719111940196755
cinema,-0.001730040151775706
performance,-0.0017562014130329889
newheatalert,-0.0017673115393124416
ontheblock,-0.001767311539312442
model,-0.0017717681962756823
web,-0.0017780084293094922
agtech,-0.0017813178221529214
pixel2,-0.0017913543605107708
cramps,-0.0017940651688910505
orderextrapopcorn,-0.0017950668796828102
americaiswaiting,-0.0017950668796828106
scotusnominee,-0.0017950668796828109
product,-0.0017993684907645024
halo5,-0.0018315272530517019
breez,-0.0018418804987102991
priceless,-0.0018439071250562567
computers,-0.001847808992786281
ipad,-0.0018493938048609918
ifttt,-0.0018604366840522383
googlenow,-0.0018839492976919438
reinvent,-0.0019000022703293765
precisionag,-0.0019032202384809927
job,-0.0019103289640803468
classalexa,-0.0019182107030943853
soilhealth,-0.0019189708893912105
coffee,-0.0019199526222415581
throwbackthursday,-0.0019226581338312565
bbc,-0.001971431229940046
ov,-0.0019845246030365748
strokeawarenessmonth,-0.0019992135252235887
cio,-0.002002380496506691
seminar,-0.0020141291357241137
sweeps,-0.002031186847352555
heycortana,-0.0020369448451976724
waze,-0.002053273839185412
tuneinradioapp,-0.0020649683770415784
ukdevs,-0.002068199507420018
support,-0.0020705261188692617
hq2,-0.0021136208721225453
makeup,-0.002115400455477572
faceid,-0.002122262819563586
customerexperience,-0.0021236382425148382
breastfeeding,-0.0021562894277140166
xbox,-0.002176056925178025
procurement,-0.002182147392288374
cambridgeanalytica,-0.002200887348793397
podbean,-0.002207757691846165
opencontrol,-0.002208893847391329
auto,-0.0022325644278036396
universetoday,-0.002240786158513336
stress,-0.0022476215315670816
googleassistant,-0.0022620003850435722
futuretech,-0.0022628351958879343
memes,-0.002266282438364587
podernfamily,-0.0022680992412137378
wednesdaywisdom,-0.0022701402722198746
amazonpay,-0.002296895664734343
astronomy,-0.002311420366424572
voiceinterface,-0.002344548930363213
arkit,-0.0024029879351076537
mrx,-0.0024030404456910188
sega,-0.0024093538937208533
storm,-0.0024119973335107003
nlp,-0.0024594536669846527
webcomic,-0.002475195462813688
justask,-0.0024778610869765245
media,-0.0025134183124536813
oculus,-0.0025327693210419923
appletv,-0.002551019189214617
windows,-0.0025805313896978916
hd,-0.0025897466945148046
iphone6plus,-0.002598407566996254
cryptos,-0.00263844960653051
automotive,-0.0026625122142004696
webcomics,-0.002751934304836254
science,-0.0027573226931792015
superbowl,-0.002766483068126121
metoo,-0.00276674860961879
nhl,-0.002777281692366301
wearabletech,-0.002793323857784718
blissfits,-0.002794856109571731
lgbt,-0.002799330877163246
fire,-0.0028358151749727236
service,-0.0028562345251052362
spotify,-0.0028639395390096267
bollywood,-0.002867716725761971
personal,-0.002879146667097094
update,-0.0028808594533294082
videogames,-0.002893093255830866
echodot,-0.0029191736700707968
bloodpressure,-0.002927537563603137
usemyvoice,-0.002951520099020962
useyourvoice,-0.002956329701500722
awslambda,-0.0030049837230690097
garyvee,-0.0030427664848189616
users,-0.0030456488869993067
moen,-0.0031586770126301356
homebot,-0.003214199773361966
dyk,-0.003486203635194657
toyota,-0.00349256493343002
hoet60secrec,-0.003509592229332402
commoncore,-0.003515678845257434
biggov,-0.0035241166024094946
siriismyfriend,-0.0035454518062168496
usa,-0.0035589496091114766
bug,-0.003561739640802794
iphone9,-0.003570172571462209
amazonfiretv,-0.003598551474506913
blackfriday,-0.0036081588072873426
calendar,-0.003631405515723967
entrepreneurs,-0.0036558201228542543
newiphone,-0.003668980559548736
io18,-0.0037090425009818845
smartcar,-0.0037453421120114934
smartlife,-0.0037475276690294964
apps,-0.0037822714069182324
calls,-0.0038378914697055917
intelligent,-0.003840553542909678
smartphones,-0.0038546391225498756
trending,-0.003867188205666952
zwave,-0.0038707281074945644
sirios,-0.003873844844221896
vectorpodcast,-0.0038748442438682022
voicedaily,-0.003878000981109637
issafriday,-0.0038979176375873517
biometrics,-0.003907576810518156
gps,-0.0039106610536043885
harmony,-0.003923330004841998
blueprints,-0.003950765174102099
snl,-0.003968830931310748
voiceui,-0.003983701105118561
ice,-0.003987375336529483
ios9,-0.004021426648648288
thanksgiving,-0.0040317280243619075
special,-0.004039920446589024
cortana,-0.004072343200011397
blissful,-0.00410678535952178
ipod,-0.004112670552367778
lenovoces,-0.004134136991416733
innovation,-0.004150762525506114
goingforzero,-0.004158887220719732
allnew,-0.004179501851742012
projector,-0.004195320935692767
collection,-0.004196435356538039
podcasts,-0.004210857020191238
ibmcode,-0.004214903085855956
deal,-0.004218384217610609
sales,-0.0042388421631413585
skyrim,-0.004246881783417502
books,-0.00427087618091122
walmart,-0.004272192336267575
avalon,-0.00428057428356113
userexperience,-0.0043024358926209184
tip,-0.00440815454853028
websites,-0.004422911161519706
ps4,-0.004446685954649429
giveaway,-0.00447860365259665
touchscreen,-0.004489760734448846
gb,-0.004500669863859331
play,-0.00452548179422124
leaked,-0.004526455801219278
security,-0.004545291360561766
me,-0.004567787964781864
svod,-0.004569311328378916
pcs,-0.004619079327610712
smartlighting,-0.0046223999078203
email,-0.004649874304901447
influencers,-0.004672919370846848
nasa,-0.004673754733197241
wearables,-0.0047010423737488495
voicecontrol,-0.004705757167741869
cloud,-0.0047196057024419934
hacked,-0.004741252876220633
planning,-0.004756658335669216
liegate,-0.004757464070069027
seattle,-0.004787232992940147
fishing,-0.004823045434131993
commands,-0.004835773499358468
events,-0.00487271075751379
course,-0.004902378590518249
indian,-0.004928702314373893
ico,-0.004932147413213523
ir,-0.004945043468431686
machinelearning,-0.0049815960794880425
4k,-0.004995629841716337
sleep,-0.005020221070800936
firetv,-0.005049976822832883
smarttech,-0.005056919621887162
optoma,-0.005084915515439392
vr,-0.005085825518362068
tplink,-0.0050899105859911
deals,-0.00509585454853663
texas,-0.005119544262638601
couchbase,-0.005132326352969585
dry,-0.005145994592380888
dl,-0.005248251321997085
losemyaccent,-0.005275631392527594
periscope,-0.005302344095429658
pornstar,-0.005324038234157227
eq,-0.005346240579412939
via,-0.0053868712595086295
foodie,-0.00545282924102887
accentreduction,-0.00549989628529994
galaxy,-0.005503268143260343
speechrecognition,-0.0056334839528091145
canary,-0.005657751222087113
homeautomation,-0.005699425698445464
webpage,-0.0057053791339404525
heatlhy,-0.005706055634321125
marriott,-0.005725554880196192
oprah,-0.00574062859550779
show,-0.005756205800468443
be3,-0.0057665823272686784
rt,-0.00577457752616452
financial,-0.005879615874697954
humor,-0.0058812675492175455
destiny2,-0.005884248985628449
amazonwebservices,-0.005893777006362644
conversational,-0.005901049793984157
recording,-0.005901362507808286
jeopardy,-0.005910875424476631
gadget,-0.005943118227990927
maga2018,-0.0059563562486472975
tunein,-0.005996574414961027
hoopla,-0.00600086789246755
electronic,-0.0060150133318042425
chatbot,-0.006053094897659066
amazonkindle,-0.006076047075056003
presidenttrump,-0.006088448174558872
ranks,-0.006116568734619585
naturaltits,-0.006167234709683768
aleksandra,-0.006201231633109218
moviemusic,-0.006214504985628783
story,-0.0062549261643489226
tech,-0.006272895167611955
soundcloud,-0.00633515189309704
mobileapp,-0.0063785605179851644
august,-0.006423979236388708
shade,-0.006451847394629289
iotsecurity,-0.006553679180152468
alexavault,-0.006606681418770383
producthunt,-0.0066230484555829085
devops,-0.006637353837887141
anal,-0.006714861695869018
sxsw,-0.0067181216937013165
lex,-0.006718515469850433
native,-0.006800831475949439
hashtag,-0.0068013204949570315
smartwatches,-0.006836136979340519
steemit,-0.006848447787039434
handjob,-0.006870011245826141
scifi,-0.006883887990603761
tv,-0.0069141169352938256
fintech,-0.006967937858693683
bts,-0.006970708900179632
asseveryday,-0.007054832768185451
sexyasfuck,-0.0070548327681854515
customer,-0.0070701183424104076
voicedesign,-0.007106853539842542
humpday,-0.007118268519032029
5g,-0.007128356207222672
3dprinting,-0.007136202257390133
chilling,-0.007160319494556119
gmail,-0.007164789163530381
sonosone,-0.007199305085055663
gamechanger,-0.007259470414443687
ar,-0.007261485833147715
bungie,-0.0072733746036029515
tax,-0.007275566145820093
furby,-0.007285417257235596
black,-0.007334649004757111
learn,-0.007337371158048249
complicated,-0.007346505510761497
content,-0.007352549247388168
activision,-0.007425012216565003
wifi,-0.007494368788067878
raw,-0.00751168499701168
sound,-0.0075619246818654845
fucked,-0.007579155725831152
cybermonday,-0.00759213670428899
eaglesnation,-0.007640356412731045
bottish,-0.007657571301680848
assistant,-0.007712642890506648
nova,-0.0077718123518074516
releasethememo,-0.00781556420973305
conversation,-0.0078539693001914
superbowlads2018,-0.00785749799079069
saturdaynight,-0.007862918740235146
happybirthday,-0.007867059217436734
hosting,-0.007872782654062554
patientsatisfaction,-0.007894921744358224
80s,-0.007903426348325922
mycroft,-0.007950379291973255
sb2018,-0.007950719507646111
bett2018,-0.007952063406828427
enter,-0.007984254246642217
canada,-0.008018436565495893
power,-0.00804069871538004
harrypotter,-0.008070385903607936
alexaecho,-0.008080385584623793
msftadvocate,-0.00813013154072912
eavesdropping,-0.008174972815421698
svs18,-0.008178245686518317
internet,-0.00818204512115655
makeanapp,-0.008186568720181127
vc,-0.008200371162102262
storage,-0.00821639406509153
navigation,-0.008219036087001497
ui,-0.008223154794490727
smarthome,-0.0082259873244742
player,-0.008227602824471837
b2b,-0.008252227485015274
blockchain,-0.008261511414775121
wakeupamerica,-0.008285636087572833
itrtg,-0.008290172093957953
av,-0.008337551089250089
sonos,-0.008337767071644036
itsecurity,-0.008340490385641011
ceo,-0.008347574504234704
monitoring,-0.008354518645879435
control4,-0.008358576596026028
todo,-0.008461474226373946
harmankardon,-0.008516905788511187
tunes,-0.008579830362049514
stem,-0.00859790057644416
earnings,-0.00861960058435812
artificalintelligence,-0.0086517719715594
world,-0.008766534449093272
asksiri,-0.008828934035726346
despacito,-0.00885158832938698
matlab,-0.008937175124047977
insight,-0.009062748671300984
win10,-0.009179560954849906
people,-0.009252287110698526
learnseo,-0.009255347342047531
bethesdae3,-0.009280511612844133
movie,-0.009283698916709465
song,-0.009295507014062055
cakez,-0.00934891781791732
thicc,-0.00934891781791732
sirisaturdays,-0.009348917817917328
techtrends,-0.009401352382804318
rpa,-0.009457074194225734
moneyinthebank,-0.009459587005946169
demo,-0.009483085801679132
whatsapp,-0.0094977562464894
wwe,-0.009517467579707967
lg,-0.009543883887467857
internetofthings,-0.009570234882994445
camera,-0.00959951388892489
homepod,-0.009619777251605023
coding,-0.009647782361984084
dr,-0.00970032181640911
azure,-0.009711579000847787
car,-0.00978349356701891
smarthouse,-0.009791516687866061
fetish,-0.009842587723388382
maythe4thbewithyou,-0.009846691480197229
ask,-0.0098550055076036
echoconnect,-0.009939265216281416
improve,-0.010087905372342056
applenews,-0.010087963176342087
dev,-0.010089599012969106
firehd,-0.01014069634999663
feminist,-0.010146130621395343
ott,-0.01019091551356505
keyword,-0.010265852538363783
pagespeed,-0.010309227220009294
wrestlemania,-0.010315857503052816
algorithms,-0.01039253934020242
smarter,-0.01041278290724865
lduk,-0.010436587829135813
askalexa,-0.010525193842681854
ecobee,-0.010533116368914346
belkin,-0.010576369305134626
naturalboobs,-0.010598585057527143
friday,-0.010683225563246131
tomas,-0.010721028358220608
headphones,-0.010874044990385018
alexamini,-0.01088620702991111
colleges,-0.010891942362613618
winterolympics,-0.010946573006526024
fiverr,-0.01099013713644818
surveillance,-0.011032834236752656
nodejs,-0.011074521025241698
rohitprasad,-0.011119666062808956
developer,-0.011179484361821194
alexaapp,-0.011276314819473039
super,-0.01133143364731095
jokes,-0.011381954530666207
azurefunctions,-0.011384237659807362
christmas,-0.011451581686814653
4ir,-0.011555907089459598
himss18,-0.01157490077884257
rank,-0.011684437479946854
namaste,-0.011688605601651088
amazonechodot,-0.011739683447105643
nia,-0.011874070247215523
bitcoin,-0.011943404737501988
services,-0.01194989901716401
privacy,-0.012002645519272371
personalassistant,-0.012110396412667562
homeelectronics,-0.012152050188827635
berlin,-0.01215700953780916
hard,-0.012177621592678479
daretodream,-0.012205637179857771
summer,-0.01222794977133409
share,-0.012307458745089157
crypto,-0.012314046758824523
accelerator,-0.012318273399334645
interiordesigner,-0.012334012557778728
scary,-0.012340674833386182
dance,-0.012465764850259315
roomba,-0.012477037715690989
anamorphic,-0.012491917413500576
alexadeveloper,-0.012514019104859437
equality,-0.01255787881508715
bezos,-0.012585179327497446
msbuild2018,-0.012632908372841934
rich,-0.012653881485609298
flyeaglesfly,-0.01266896340439828
interiordesign,-0.012688218268624544
voicepayments,-0.012733825501829863
okgoogle,-0.0128299127816311
voicecommand,-0.012931491838586644
hilarious,-0.013005974408470424
filmmaking,-0.013028208217337271
tips,-0.013108100048305064
god,-0.013193837839343843
merrychristmas,-0.01320196660511371
voicesearch,-0.013205836349716584
smartlock,-0.013260077275434353
wemo,-0.013290572741779987
linux,-0.013321759592375967
professional,-0.01333863145772824
tivo,-0.013371422536014251
audible,-0.013456271145183336
robot,-0.013537355304824986
sony,-0.013610969313060876
stitcher,-0.013655162313827402
superbowl52,-0.013669704777327206
parents,-0.01370038443131409
earning,-0.013714135614442086
zen,-0.013823041740323167
historicalfiction,-0.01383618198661266
techcrunch,-0.013845402736384725
starwars40th,-0.01397190042441221
bose,-0.014012138430689967
shadowspooks,-0.014017812999162218
meetup,-0.01417292693040622
general,-0.01421105860979057
skill,-0.01421825306168298
rude,-0.014271697039761954
kindle,-0.014338205948052546
muse,-0.01436814495978519
sports,-0.014412267953944735
primeday2018,-0.014459030838549197
wwdc,-0.014616013483125289
handsfree,-0.01468445318033697
strzok,-0.014703077823631356
hospitality,-0.014810408227459599
artificialinteligence,-0.014869094760052918
nicebotskill,-0.015077637328647222
spygate,-0.015096047509006083
california,-0.015119222394201767
techtuesday,-0.015261532338789024
sensors,-0.015356712044616682
build,-0.015361549185488677
search,-0.015392475711043319
followers,-0.015416776360509489
expertseo,-0.01548072493732324
translation,-0.015489277006118378
uber,-0.015574999091616703
malware,-0.015675707332531937
startrek,-0.015687763887441857
followfriday,-0.015702023381078917
golang,-0.015726540545093086
data,-0.015806447736915103
interview,-0.015823824315090683
snapchat,-0.015837153589406
rfid,-0.015839651670687366
assistants,-0.015884014736434943
tradewar,-0.015925567571582738
raspberry,-0.01599166776353444
review,-0.016002145354929536
learning,-0.01612327100519355
comic,-0.01616617576466036
sex,-0.016177950153628978
automation,-0.016184360670329644
mwc18,-0.01623936810356719
petra,-0.01624157273155558
alexafail,-0.016255279162034193
slashgear,-0.016260736072794834
please,-0.016285290816165553
terminator,-0.01637588422129268
hometheater,-0.01654572852887519
genie,-0.01661875701335024
kohler,-0.016718360137848626
warehouse,-0.016750825643166455
jobs,-0.01685805138896161
hiring,-0.016915292542788774
tvs,-0.016926456331279476
powerbi,-0.016993236288940786
appleunboxed,-0.01702779504298374
interoperability,-0.01727090480359786
gamedev,-0.017376396559295924
online,-0.017409047179991553
dogs,-0.017428407947196512
works,-0.01754096415459398
private,-0.018003759982759878
dvr,-0.018031083222292153
meme,-0.018154342566351435
wework,-0.018202856338356683
spy,-0.018246684393701397
coworking,-0.018297684327173762
insurtech,-0.018436702832456017
entune,-0.018450077355222295
ring,-0.018480765831359488
advert,-0.01858856309680519
morning,-0.01900836489836607
airplay,-0.01902330835585034
help,-0.019064915191763836
nba,-0.019121311393320246
asus,-0.019158948431285096
hrtech,-0.019166960060008068
speak,-0.019194457085623545
access,-0.019200794078695297
follow,-0.01931106963708295
smartplugs,-0.01940948549449986
horror,-0.019599515834549375
disney,-0.019670231780848764
digitalhealth,-0.019764761505134825
chromeos,-0.019970393496808174
hiphop,-0.020013053196985865
alexjones,-0.020109850500985238
blackfridaydeals,-0.02012294828406737
botframework,-0.020123962677117652
blackmirror,-0.020190170960439548
tedx,-0.020448736514010194
spreaker,-0.02055517788362509
iheartradio,-0.020589667623629272
asia,-0.020623044171059642
marketing,-0.020850317823963745
collaboration,-0.02098653431816593
send,-0.0210466567093959
set,-0.02107223323103147
pov,-0.021103424426996788
audio,-0.021153347550206612
deebot,-0.02124235537646624
vtuner,-0.021249425483538763
entertowin,-0.02131011144599717
pc,-0.021405629778246567
echospot,-0.021449907778418608
chat,-0.02150190579453963
wtf,-0.02163296299072195
avs,-0.021674108333903194
wholefoods,-0.021746288396133833
bathroom,-0.021978678278698677
hal,-0.02205200456827278
trends,-0.022138415177883435
the,-0.022320481760854775
amazing,-0.022324600185216065
skynet,-0.022339258295172228
and,-0.02234072054939779
javascript,-0.0223526926484987
watchos,-0.02239420355572303
africa,-0.02249118791855643
directv,-0.022524766469997796
googlepage,-0.022541112261887698
xboxone,-0.022547241153235278
lenovo,-0.022608831387657267
bixby,-0.02260909571333078
led,-0.022617802083589794
arrialexa,-0.022775778068456008
buyseo,-0.02282466601246419
logitech,-0.02282831220341746
video,-0.022890853115854044
skype,-0.022961295458769876
saturday,-0.02303887771351852
manners,-0.023063184054732552
ethereum,-0.023096614428002437
awssummit,-0.023211403141235074
hotel,-0.023301228113020357
openvoice,-0.023699294982095935
pandora,-0.02376949534233347
anker,-0.023951558135423406
cortanaskills,-0.024057997629612998
newsbriefs,-0.024143475572772237
contentmarketing,-0.02419225347602214
halloween,-0.024319784085168453
donate,-0.024679861924160246
of,-0.02480053037501021
dish,-0.02480783988243041
charity,-0.024883834648186845
mwc2018,-0.024884222905260964
2018voicechallenge,-0.02492666043432607
googleio,-0.025210028455048404
thanks,-0.025264525784404416
watchos5,-0.02543189135177844
johngiannandrea,-0.025437674350027313
microsoftbuild,-0.025701892842571097
serverless,-0.02578561493528731
wow,-0.025867958842725646
proptech,-0.026115646726854336
ranked,-0.02631322264587108
textmessages,-0.02635593404854489
blonde,-0.026507449709219172
insights,-0.026757828271150624
development,-0.026949459039525527
alex,-0.026949722554938608
chief,-0.027281441497990964
modeling,-0.027346025244261527
homesecurity,-0.027764924986313735
startups,-0.027858934079898773
primeday,-0.02786201799906562
jesuschrist,-0.02802417614073468
smartglasses,-0.028141636004514713
featured,-0.02822671354806813
police,-0.0283700656771127
discount,-0.02837684579087274
workplace,-0.02851279930278346
teen,-0.02861594678901431
bestsleepever,-0.029294248558793617
vivlabs,-0.029405035044317393
python,-0.029683350435083185
marketers,-0.029732153874866194
internetoptimizer,-0.029915894859344542
women,-0.02999613326312887
buildinglink,-0.030261410512731006
chatbots,-0.030319473359667247
robotics,-0.030361571911488035
party,-0.030583668747628093
love,-0.030697920766126662
social,-0.03112529528349634
productivity,-0.031162647552993784
hulu,-0.03137966331128036
creative,-0.03158633464234544
fun,-0.03160711893041115
computer,-0.03162119761283948
garmin,-0.03175349843830295
seocms,-0.031957038762910464
digitalassistant,-0.03247919438875247
tablets,-0.03297970512125114
lasvegas,-0.03298057538677084
structureddata,-0.03299248558273687
nsfw,-0.033416040629823326
design,-0.033591456625598114
random,-0.033846765771377706
rosenstein,-0.03396471649209838
vesta,-0.034236496785525976
india,-0.03435354423975149
wwdc2018,-0.03443787644192124
breakfast,-0.03450649704704376
aging,-0.03495864158943325
1080p,-0.03504977569920761
conversations,-0.0351353761889762
monetization,-0.03528918089716733
pharma,-0.03534446842201006
investorseurope,-0.035521066313166434
energy,-0.03596135047055621
thermometer,-0.03596568002843395
amazons,-0.036158273193711586
wednesday,-0.03636892750808331
xxx,-0.03642737778859672
create,-0.03703580502461144
invoke,-0.0373460579055036
jesus,-0.03791031414246472
iiot,-0.038064927245765545
computing,-0.0381154497303122
homeassistant,-0.03861131322800298
tits,-0.03885262349245386
weekend,-0.03899685987084751
boobs,-0.0390870296933495
software,-0.039295784813811775
neo4j,-0.039621261328337536
bestseller,-0.03964943401299183
research,-0.04014651332708928
googleduplex,-0.04014921104218802
windowsinsiders,-0.04054030993829722
pawg,-0.040765249402256475
rap,-0.040860491684073866
dog,-0.04089643835477259
house,-0.041248214030871665
mhealth,-0.041311540215216824
pay,-0.04144576653644264
stick,-0.04187030849607859
easteregg,-0.04227915757914764
compatible,-0.04245312650587061
disruptivelive,-0.042512266165475446
jibo,-0.04254208706437817
custom,-0.04268401160146856
culture,-0.043839184457554706
smallbiz,-0.04401081763456415
cameras,-0.04403527073260177
like,-0.044046686194686775
laughing,-0.044346933229212314
santa,-0.04451711642617971
hp,-0.044536197056649844
personalization,-0.04460972732489102
cock,-0.045444869299633255
lssc,-0.045483430022115696
nbc,-0.04556318136565534
fashion,-0.045624957056373434
augmentedreality,-0.04683118222065373
trumpkimsummit,-0.04684797119157834
kubernetes,-0.0468663261435834
vacuum,-0.047910468713385286
baby,-0.04800160091667044
first,-0.04820129781703081
italy,-0.048514555838841185
conversationalai,-0.0485986079237403
smallbusiness,-0.04869183498469253
youtube,-0.04961050389781815
emailmarketing,-0.049677400703087536
engadget,-0.050314489761179484
friends,-0.05159062638992201
opensource,-0.05293786548558779
voicetechnology,-0.05488827658608249
spain,-0.05492074326494639
smartassistants,-0.05543869725659643
cdo,-0.05577448956798266
amazonfire,-0.05590709997660219
talk,-0.05777439417502596
businesses,-0.059334738471494064
a,-0.059871144873714366
redhead,-0.06238641884785014
smartwatch,-0.06310942654873333
with,-0.06496122035351223
happy,-0.06523709444956462
beautiful,-0.06956271542712014
cute,-0.06998010246678782
light,-0.07134017172154414
thankyou,-0.07326048559212911
fifaworldcup2018,-0.07330945160180072
russia,-0.07665128910757332
alexaprize,-0.07898488554999135
googlescore,-0.08128065582161251
lost,-0.0816448546017524
googlepositions,-0.08255543050470544
sweet,-0.08314664635765709
bartender,-0.08398086685028008
unity,-0.0847325428498473
westworld,-0.08957938083285866
rhop,-0.1056242976917382
mitb,-0.12335291981259801
fifa2018,-0.12399243152012988
football,-0.13992815246792076
